{"ID":1,"UserID":1,"OpType":1,"ActUserID":1,"ActUserName":"cicd","ActAvatar":"","RepoID":1,"RepoUserName":"cicd","RepoName":"openshift-tasks","RefName":"","IsPrivate":false,"Content":"","Created":"2019-03-11T15:00:42Z","CreatedUnix":1552316442}
{"ID":2,"UserID":1,"OpType":16,"ActUserID":1,"ActUserName":"cicd","ActAvatar":"","RepoID":1,"RepoUserName":"cicd","RepoName":"openshift-tasks","RefName":"master","IsPrivate":false,"Content":"{\"Len\":10,\"Commits\":[{\"Sha1\":\"1e4b1de3932c4347b7497bd6d6167486a425dfbc\",\"Message\":\"Update Jenkinsfile\",\"AuthorEmail\":\"lukas.smiga@gmail.com\",\"AuthorName\":\"lukas-smiga\",\"CommitterEmail\":\"noreply@github.com\",\"CommitterName\":\"GitHub\",\"Timestamp\":\"2019-01-22T15:06:21Z\"},{\"Sha1\":\"9695fa9fb372b991d4aa3fc37103851424d186c7\",\"Message\":\"Update Jenkinsfile\",\"AuthorEmail\":\"lukas.smiga@gmail.com\",\"AuthorName\":\"lukas-smiga\",\"CommitterEmail\":\"noreply@github.com\",\"CommitterName\":\"GitHub\",\"Timestamp\":\"2019-01-22T14:48:42Z\"},{\"Sha1\":\"b81dd956038a7fa2cce9c73e518c552628eb88c5\",\"Message\":\"Update Jenkinsfile\",\"AuthorEmail\":\"lukas.smiga@gmail.com\",\"AuthorName\":\"lukas-smiga\",\"CommitterEmail\":\"noreply@github.com\",\"CommitterName\":\"GitHub\",\"Timestamp\":\"2019-01-22T14:44:35Z\"},{\"Sha1\":\"6849af69b99999faa2e8dac7708dd8ae23629c32\",\"Message\":\"Update Jenkinsfile\",\"AuthorEmail\":\"lukas.smiga@gmail.com\",\"AuthorName\":\"lukas-smiga\",\"CommitterEmail\":\"noreply@github.com\",\"CommitterName\":\"GitHub\",\"Timestamp\":\"2019-01-22T14:38:44Z\"},{\"Sha1\":\"ee17def2b8de9acf7c64053eebf5d3b47491fd94\",\"Message\":\"Update instructions.txt\",\"AuthorEmail\":\"lukas.smiga@gmail.com\",\"AuthorName\":\"lukas-smiga\",\"CommitterEmail\":\"noreply@github.com\",\"CommitterName\":\"GitHub\",\"Timestamp\":\"2019-01-22T14:20:39Z\"}],\"CompareURL\":\"\"}","Created":"2019-03-11T15:01:08Z","CreatedUnix":1552316468}
{"ID":3,"UserID":1,"OpType":5,"ActUserID":1,"ActUserName":"cicd","ActAvatar":"","RepoID":1,"RepoUserName":"cicd","RepoName":"openshift-tasks","RefName":"master","IsPrivate":false,"Content":"{\"Len\":10,\"Commits\":[{\"Sha1\":\"1e4b1de3932c4347b7497bd6d6167486a425dfbc\",\"Message\":\"Update Jenkinsfile\",\"AuthorEmail\":\"lukas.smiga@gmail.com\",\"AuthorName\":\"lukas-smiga\",\"CommitterEmail\":\"noreply@github.com\",\"CommitterName\":\"GitHub\",\"Timestamp\":\"2019-01-22T15:06:21Z\"},{\"Sha1\":\"9695fa9fb372b991d4aa3fc37103851424d186c7\",\"Message\":\"Update Jenkinsfile\",\"AuthorEmail\":\"lukas.smiga@gmail.com\",\"AuthorName\":\"lukas-smiga\",\"CommitterEmail\":\"noreply@github.com\",\"CommitterName\":\"GitHub\",\"Timestamp\":\"2019-01-22T14:48:42Z\"},{\"Sha1\":\"b81dd956038a7fa2cce9c73e518c552628eb88c5\",\"Message\":\"Update Jenkinsfile\",\"AuthorEmail\":\"lukas.smiga@gmail.com\",\"AuthorName\":\"lukas-smiga\",\"CommitterEmail\":\"noreply@github.com\",\"CommitterName\":\"GitHub\",\"Timestamp\":\"2019-01-22T14:44:35Z\"},{\"Sha1\":\"6849af69b99999faa2e8dac7708dd8ae23629c32\",\"Message\":\"Update Jenkinsfile\",\"AuthorEmail\":\"lukas.smiga@gmail.com\",\"AuthorName\":\"lukas-smiga\",\"CommitterEmail\":\"noreply@github.com\",\"CommitterName\":\"GitHub\",\"Timestamp\":\"2019-01-22T14:38:44Z\"},{\"Sha1\":\"ee17def2b8de9acf7c64053eebf5d3b47491fd94\",\"Message\":\"Update instructions.txt\",\"AuthorEmail\":\"lukas.smiga@gmail.com\",\"AuthorName\":\"lukas-smiga\",\"CommitterEmail\":\"noreply@github.com\",\"CommitterName\":\"GitHub\",\"Timestamp\":\"2019-01-22T14:20:39Z\"}],\"CompareURL\":\"\"}","Created":"2019-03-11T15:01:08Z","CreatedUnix":1552316468}
