{"ID":1,"OwnerID":1,"Owner":null,"LowerName":"openshift-tasks","Name":"openshift-tasks","Description":"","Website":"","DefaultBranch":"master","Size":4104192,"NumWatches":1,"NumStars":0,"NumForks":0,"NumIssues":0,"NumClosedIssues":0,"NumOpenIssues":0,"NumPulls":0,"NumClosedPulls":0,"NumOpenPulls":0,"NumMilestones":0,"NumClosedMilestones":0,"NumOpenMilestones":0,"NumTags":0,"IsPrivate":false,"IsBare":false,"IsMirror":false,"EnableWiki":true,"AllowPublicWiki":false,"EnableExternalWiki":false,"ExternalWikiURL":"","EnableIssues":true,"AllowPublicIssues":false,"EnableExternalTracker":false,"ExternalTrackerURL":"","ExternalTrackerFormat":"","ExternalTrackerStyle":"numeric","ExternalMetas":null,"EnablePulls":true,"PullsIgnoreWhitespace":false,"PullsAllowRebase":false,"IsFork":false,"ForkID":0,"BaseRepo":null,"Created":"2019-03-11T15:00:42Z","CreatedUnix":1552316442,"Updated":"2019-03-11T15:01:08Z","UpdatedUnix":1552316468}
