{"ID":1,"LowerName":"cicd","Name":"cicd","FullName":"","Email":"email@example.com","Passwd":"0aa4524212d3e122dc1b0bab54121a5ca4021d81f531d2c4d4336aeccf899c763afecf7780d48d1c431a08d802fdd867fe5b","LoginType":0,"LoginSource":0,"LoginName":"","Type":0,"OwnedOrgs":null,"Orgs":null,"Repos":null,"Location":"","Website":"","Rands":"onmp2j1L8R","Salt":"m45NnaEker","Created":"2019-03-11T14:59:07Z","CreatedUnix":1552316347,"Updated":"2019-03-11T15:00:42Z","UpdatedUnix":1552316442,"LastRepoVisibility":false,"MaxRepoCreation":-1,"IsActive":true,"IsAdmin":true,"AllowGitHook":false,"AllowImportLocal":false,"ProhibitLogin":false,"Avatar":"5658ffccee7f0ebfda2b226238b1eb6e","AvatarEmail":"email@example.com","UseCustomAvatar":false,"NumFollowers":0,"NumFollowing":0,"NumStars":0,"NumRepos":1,"Description":"","NumTeams":0,"NumMembers":0,"Teams":null,"Members":null}
